Row,Acc_11,Acc_12,Acc_13,Acc_14,Acc_15
TRaining Percentage_40,86.4696113207171,86.984282965265,87.8994671223154,92.2708800633358,92.9824162856398
TRaining Percentage_50,91.435326027007,91.9780571649072,93.7597549583282,94.7325179402746,95.9675795035043
TRaining Percentage_60,90.7198356911176,90.9142457567078,93.4984673358494,96.0016684823972,96.2652305584838
TRaining Percentage_70,91.46590602489,93.2159433268579,93.3835649877542,96.6321698082833,97.0283793706037
TRaining Percentage_80,93.005606673838,93.9527861059199,94.3720231326704,97.7957723600656,98
