Row,pre_11,pre_12,pre_13,pre_14,pre_15
TRaining Percentage_40,85.5119432044333,85.8022091752112,87.3662098156392,88.9668258853209,91.9373534862253
TRaining Percentage_50,88.1502553214408,88.4289261963328,91.7942000061832,92.691027572278,94.4682264747262
TRaining Percentage_60,88.5357426130346,89.863463614127,90.2734693372959,93.4291315595889,94.4179333783638
TRaining Percentage_70,88.8626464488642,90.3548306669128,91.9483056476104,94.5402259052006,96.7574454732211
TRaining Percentage_80,90.2016925498309,91.1483856032076,91.5143041898866,94.7996523051275,97.4690552328982
