Row,Acc_11,Acc_12,Acc_13,Acc_14,Acc_15,Acc_16
TRaining Percentage_40,88.7740932642487,89.0176165803109,92.0435233160622,94.4321243523316,92.72572,94.9882
TRaining Percentage_50,89.3640932642487,89.6076165803109,92.6335233160622,95.0221243523316,91.2572,95.42828
TRaining Percentage_60,91.4340932642487,91.6776165803109,94.7035233160622,97.0921243523316,92.72,97.52575
TRaining Percentage_70,90.9740932642487,91.2176165803109,94.2435233160622,96.6321243523316,91.2525,96.9525275
TRaining Percentage_80,91.9610894941634,96.365758754864,95.727626459144,97.6653696498054,94.72722,98
