Row,pre_11,pre_12,pre_13,pre_14,pre_15,pre_16
TRaining Percentage_40,88.4315432642487,88.6750665803109,91.7009733160622,94.0895743523316,95,95.2452345
TRaining Percentage_50,89.1187152642487,89.3622385803109,92.3881453160622,94.7767463523316,94.0757858,95.97452742
TRaining Percentage_60,91.2307507642487,91.4742740803109,94.5001808160622,96.8887818523316,94.772525,97.072787
TRaining Percentage_70,90.7895472642487,91.0330705803109,94.0589773160622,96.4475783523316,94.28725,97.2578578
TRaining Percentage_80,91.7624538941634,96.167123154864,95.528990859144,97.4667340498054,95.59257275,98
