Row,rec_11,rec_12,rec_13,rec_14,rec_15,rec_16
TRaining Percentage_40,87.8894552642487,88.1329785803109,91.1588853160622,93.5474863523316,92.727,94.177
TRaining Percentage_50,88.4794552642487,88.7229785803109,91.7488853160622,94.1374863523316,95.075575,95.27827
TRaining Percentage_60,90.6965148004487,90.9400381165109,93.9659448522622,96.3545458885316,96.7272,97.0252
TRaining Percentage_70,90.3165548004487,90.5600781165109,93.5859848522622,95.9745858885316,95.78275,97.04172
TRaining Percentage_80,90.8297202181634,95.234389478864,94.596257183144,96.5340003738054,95.772,97.172858
